<?xml version="1.0" encoding="UTF-8"?>

<!DOCTYPE jbosscmp-jdbc PUBLIC
   "-//JBoss//DTD JBOSSCMP-JDBC 3.2//EN"
   "http://www.jboss.org/j2ee/dtd/jbosscmp-jdbc_3_2.dtd">

<jbosscmp-jdbc>
	<defaults>
		<datasource>java:/DefaultDS</datasource>
		<datasource-mapping>mySQL</datasource-mapping>

		<create-table>false</create-table>
		<remove-table>false</remove-table>
		<pk-constraint>true</pk-constraint>
		<read-ahead>
			<strategy>on-load</strategy>
			<page-size>4</page-size>
			<eager-load-group>*</eager-load-group>
		</read-ahead>
	</defaults>
</jbosscmp-jdbc>
