<beans xmlns="http://www.springframework.org/schema/beans"
	xmlns:xsi="http://www.w3.org/2001/XMLSchema-instance"
	xsi:schemaLocation="http://www.springframework.org/schema/beans
        http://www.springframework.org/schema/beans/spring-beans.xsd">

	<bean name="onlineService"
		class="com.perfmath.spring.soba.webflow.services.OnlineServiceImpl" />

	<bean id="customerService"
		class="com.perfmath.spring.soba.webflow.services.CustomerServiceImpl">
		<property name="customerDao" ref="customerDao" />
	</bean>

	<bean id="flow-dataSource" class="org.apache.commons.dbcp.BasicDataSource"
		destroy-method="close">
		<property name="driverClassName" value="${jdbc.driverClassName}" />
		<property name="url" value="${jdbc.url}" />
		<property name="username" value="${jdbc.username}" />
		<property name="password" value="${jdbc.password}" />
		<property name="initialSize" value="5" />
		<property name="maxActive" value="20" />
	</bean>

	<bean id="entityManagerFactory"
		class="org.springframework.orm.jpa.LocalContainerEntityManagerFactoryBean">
		<property name="dataSource" ref="flow-dataSource" />
		<property name="jpaVendorAdapter">
			<bean class="org.springframework.orm.jpa.vendor.HibernateJpaVendorAdapter">
				<property name="databasePlatform" value="org.hibernate.dialect.MySQLDialect" />
				<property name="showSql" value="true" />
				<property name="generateDdl" value="true" />
			</bean>
		</property>
	</bean>

	<bean id="jpaTransactionManager" class="org.springframework.orm.jpa.JpaTransactionManager">
		<property name="entityManagerFactory" ref="entityManagerFactory" />
	</bean>

</beans>
